dignissim.lacus.Aliquam@Ut.ca,LJL51CSL7TP
auctor@Phasellus.com,BKS80ODI5SF
bibendum@sit.co.uk,GGX76LKO3RT
convallis.ante@sitamet.org,BZO76PJS1HE
faucibus.orci.luctus@imperdiet.co.uk,HTC25AAQ1NB
in@nonummyultriciesornare.com,ZYY32TSM8JP
diam.luctus.lobortis@tinciduntduiaugue.edu,HLS99JOB1CO
faucibus@magnaPhasellusdolor.net,OVU44NQI4RA
a@Phasellusvitaemauris.com,EAN34YBR3WI
lacus.Ut@Etiambibendumfermentum.ca,BNW50GFN0MM
id@etrisus.org,CZX75XLZ7CC
dolor.Fusce@parturientmontes.co.uk,ITR44WAB9DJ
ac@Curabiturutodio.co.uk,RPY46BOD3ZA
tincidunt@adui.net,PVA28GDK5UN
neque.sed.sem@risusquis.net,VCW63GDH9EJ
pellentesque.Sed.dictum@odio.com,HWZ73SMH7QR
augue.ac.ipsum@porttitorvulputateposuere.co.uk,VCQ98EOC7ES
Quisque.imperdiet.erat@risus.org,AKO64ORG8AO
porttitor@blandit.org,SMQ38PNN2OK
diam@montes.net,FSW19PAQ7FI
convallis.ligula.Donec@Integervitae.ca,GVA07RKH3EN
non@idlibero.ca,UMR93ZER2NW
urna@arcuimperdietullamcorper.net,EKR63EHB1KL
ipsum.cursus.vestibulum@metus.org,SFM80FQA4VN
dui.quis.accumsan@nonarcu.ca,IVG94QFM3WR
non.nisi@nuncacmattis.net,PCR75ETT0TX
iaculis@enim.ca,ZIT05DIA3PZ
est.Nunc@convallis.com,TUP82YGG4IA
dolor.Quisque.tincidunt@placeratCras.net,ELM43WCG9JW
sem.consequat.nec@justo.net,RAR80CQR3DH
sem@felisorciadipiscing.net,ATP40FZJ9OW
eu@eget.org,RIY79JVJ2FS
elit.erat@vulputate.org,RKO15BYH7RG
nibh.Donec.est@aliquetdiam.ca,FBK10POV9RD
nunc.interdum@quamvelsapien.edu,MVL24KFL4NP
sagittis.augue.eu@vellectusCum.com,HZU90FNX7CU
rutrum.eu@magnaa.com,ZJK98AYO6FT
sit.amet@miacmattis.ca,TVU09YTZ1WL
ornare@nuncac.net,FNS27RII3EJ
nec.diam@semper.org,FVH52ABK5UZ
Lorem.ipsum@dictummagna.com,IHQ94KFH4KC
quis.urna.Nunc@maurisutmi.com,TEO49KDY8CU
eu@ornaresagittisfelis.ca,QJQ57JEH1XC
bibendum.Donec@duiFusce.org,QMU22ZQC2BD
Nunc.lectus@ipsumdolorsit.org,ZHA99QGQ9EA
libero.dui.nec@Nuncullamcorpervelit.org,QQB92RUI8LL
Proin.nisl.sem@feugiatnecdiam.org,ASC57FZW5QL
lorem.auctor.quis@Donecluctusaliquet.edu,AVW37AOM2QJ
vel.venenatis.vel@Crasvulputate.net,RBI32AML5WQ
Sed.eget.lacus@Duis.org,BYA04FVG3OF
nec.ante@risusDonec.net,VMP77QPY1HF
et.arcu@ullamcorperviverra.co.uk,LUN55ERI4FU
aliquet.metus@necante.org,QWM15MHF6VR
risus.Nunc.ac@felisorci.co.uk,OTM58NLZ6RE
In.faucibus.Morbi@at.net,AWX45MYN0ZR
Fusce.feugiat@Aeneanegetmagna.com,BIZ28XOP2XK
bibendum@euismod.net,RTI61NHG7EP
rutrum@ultricesposuere.ca,GDC57KWW4EO
Fusce.feugiat@disparturient.com,BHK14TRD2ES
conubia.nostra@euismodenim.net,NTJ72LNI1KV
imperdiet.nec@ultriciesadipiscing.net,TQH61PQB2FM
cursus@ut.ca,WIY11XMH0OF
quis.diam.luctus@euismod.net,MPD31XJB4XD
magna.malesuada.vel@velit.co.uk,DCY65HMY9ZC
nibh.lacinia@volutpat.co.uk,QEP53DDD8XZ
non.nisi.Aenean@dui.co.uk,CEK15BEM2OP
tincidunt@auctor.com,GPK59QYQ9NT
sociosqu.ad@metusfacilisis.edu,QDQ80ZCF3TO
diam@elitNullafacilisi.com,JDN44JBF6IF
purus@necluctusfelis.com,NNL82POX8PB
auctor.Mauris.vel@tacitisociosqu.org,MGX93YMM9BK
purus@ametfaucibusut.net,HAO30LXB1TE
turpis.nec@velitCraslorem.org,CUA83ZRQ9DM
mauris@Cumsociisnatoque.co.uk,DGG57OUP0EQ
tristique.ac.eleifend@montesnasceturridiculus.org,UYR54RQK5BK
nibh.Quisque.nonummy@nonbibendum.co.uk,VWK51ABY2BA
cursus.a@Curabiturvellectus.org,BMT96RJW3US
quis.pede@pedePraesent.org,BEQ81MEY6SK
Vestibulum.accumsan@anteblanditviverra.com,JZJ84TQE7XY
cursus.a@pellentesquea.edu,QVJ05HDC2AS
sapien.Cras@gravida.co.uk,VQA02MOK8AD
turpis.vitae@felis.com,FBT99QKZ1GG
a@adlitoratorquent.com,WTT84KYJ3EZ
in.consequat@consectetuercursus.com,OVS46JDR7OI
nulla.In@euismod.net,NMB83SBF4GL
lorem@vestibulumnequesed.edu,VDD68MXZ5EL
auctor.ullamcorper.nisl@Pellentesquetincidunt.org,VDU73GXM0YP
arcu.Sed.et@loremauctorquis.ca,ELX77OKQ0MR
nec.mollis.vitae@sitametlorem.ca,QQG44ILF7JX
Duis.at.lacus@placerat.ca,YMP17IKM2ON
arcu.Sed@Proinnislsem.net,RKI67LUU2UG
tempus.risus.Donec@Pellentesque.ca,MUQ51MFU3AY
vulputate.nisi@facilisisvitaeorci.net,MMW54IOA3YP
quam.quis@atauctor.ca,DIO81KMW2QA
varius.ultrices@necurna.co.uk,DPV44MDW3TZ
pede@purus.co.uk,OXZ83GEB6QN
nisi.sem@molestiesodales.com,NHV21PMC6JD
sit.amet@Donecnonjusto.org,GBT05WON0RN
a.malesuada.id@fermentumrisus.co.uk,HDZ32WTT1FC
Curabitur.ut@Innecorci.edu,WDY61KOF7PY
